flag_top_pct,orders_flagged_per_700,precision,recall,lift,shield_share_of_flags,call_net_per_flag_rs,call_net_if_return_cost_600,hold_net_per_flag_rs_margin1000,call_net_per_month_rs
2,14,0.6825396825396826,0.1199442119944212,6.029576498195745,0.49206349206349204,229.72222222222223,98.33333333333331,56.095238095238095,3216.1111111111113
5,35,0.5253164556962026,0.2315202231520223,4.6406616881168015,0.5158227848101266,166.43987341772151,65.31645569620254,15.531645569620261,5825.395569620254
10,70,0.4107424960505529,0.36262203626220363,3.628511813088148,0.4707740916271722,120.32385466034754,41.25592417061611,-14.02843601895736,8422.669826224328
15,105,0.3463157894736842,0.45885634588563456,3.0593643103574832,0.4463157894736842,94.39210526315787,27.726315789473674,-30.65052631578948,9911.171052631575
20,140,0.3009478672985782,0.5313807531380753,2.6585826938203545,0.43838862559241704,76.13151658767771,18.199052132701418,-42.35545023696683,10658.41232227488
25,175,0.27732154137713205,0.6122733612273361,2.4498670056942182,0.4144030322173089,66.62192040429564,13.23752368919773,-48.451042324699934,11658.836070751737
30,210,0.24894736842105264,0.6596931659693166,2.199208691184027,0.4,55.20131578947368,7.278947368421051,-55.771578947368425,11592.276315789473
40,280,0.21239636794315042,0.7503486750348675,1.8763160314531586,0.3718910382945124,40.48953809711804,-0.3967627319384164,-65.2017370706672,11337.070667193053
50,350,0.18755920429428483,0.8284518828451883,1.6569037656903767,0.3359646353015472,30.49257972844964,-5.612567098200188,-71.6097252920745,10672.402904957375
