segment,n,return_rate,flag_rate,precision_of_flags,missed_returns_share
payment_mode=cod,1912,0.18514644351464435,0.3253138075313807,0.3408360128617363,0.4011299435028249
payment_mode=emi,775,0.08516129032258064,0.0967741935483871,0.3333333333333333,0.6212121212121212
payment_mode=prepaid_card,1291,0.0906274206041828,0.08133230054221534,0.3619047619047619,0.6752136752136753
payment_mode=prepaid_upi,2356,0.07640067911714771,0.06281833616298811,0.36486486486486486,0.7
family=Air Fryer,895,0.10726256983240223,0.1664804469273743,0.3288590604026846,0.4895833333333333
family=Ceiling Fan,943,0.06468716861081654,0.05726405090137858,0.35185185185185186,0.6885245901639344
family=Induction Cooktop,896,0.09263392857142858,0.06473214285714286,0.43103448275862066,0.6987951807228916
family=Mixer Grinder,857,0.07117852975495916,0.058343057176196034,0.36,0.7049180327868853
family=Robot Vacuum,929,0.20129171151776104,0.3304628632938644,0.3745928338762215,0.3850267379679144
family=Room Heater,962,0.11954261954261955,0.14864864864864866,0.3076923076923077,0.6173913043478261
family=Water Purifier,852,0.13380281690140844,0.22183098591549297,0.31216931216931215,0.4824561403508772
shield_n=0,4936,0.09136952998379254,0.10656401944894651,0.3288973384030418,0.6164079822616408
shield_n=1,1398,0.19027181688125894,0.3032904148783977,0.36792452830188677,0.41353383458646614
